,Start,End
0,2.125094175338745,7.340006113052368
1,7.583772897720337,8.412843227386475
2,9.372357606887817,9.500279903411865
3,9.563456296920776,9.612622737884521
4,10.63577675819397,12.315639972686768
5,12.492228984832764,12.972110033035278
6,13.164280414581299,14.715598583221436
7,14.84394383430481,15.740351676940918
8,15.851884126663208,26.476497411727905
9,26.65261173248291,27.915250539779663
10,28.044679403305054,34.701170444488525
11,36.14078640937805,36.55684185028076
12,36.68418526649475,39.91578722000122
